<?xml version="1.0" encoding="UTF-8"?>
<pools>
	<pool poolClassName="com.mchange.v2.c3p0.ComboPooledDataSource"
		poolJNDIName="jdbc/FirstPool" username="spremium" password="spremium"
		driverClass="net.sourceforge.jtds.jdbc.Driver"
		jdbcUrl="jdbc:jtds:sqlserver://sdglobalmob01:1433/spremium;user=spremium;username=spremium;password=spremium" />
		
	<pool poolClassName="org.apache.commons.dbcp.BasicDataSource"
		poolJNDIName="jdbc/SecondPool" driverClassName="net.sourceforge.jtds.jdbc.Driver">
		<username>spremium</username>
		<password>spremium</password>
		<url>jdbc:jtds:sqlserver://sdglobalmob01:1433/spremium;user=spremium;username=spremium;password=spremium</url>
	</pool>
</pools>
