<?xml version="1.0" encoding="UTF-8"?>
<!-- edited with XML Spy v4.4 U (http://www.xmlspy.com) by jmv (.) -->
<XmlLibrary xmlns:xsi="http://www.w3.org/2001/XMLSchema-instance" xsi:noNamespaceSchemaLocation="library.xsd">
  <name>Database</name>
  <version>1.0</version>
  <author>iKnow</author>
  <description>Database</description>
  <i18nName>library.db.name</i18nName>
  <i18nDescription>library.db.description</i18nDescription>
  <XmlBlock>
    <class>BlockSQLSelect</class>
    <XmlPort>
      <name>portIn</name>
      <description>portIn</description>
      <in_out>in</in_out>
      <position>
        <x>-2</x>
        <y>40</y>
      </position>
    </XmlPort>
    <XmlPort>
      <name>portSuccess</name>
      <description>portSuccess</description>
      <in_out>out</in_out>
      <position>
        <x>105</x>
        <y>20</y>
      </position>
    </XmlPort>
    <XmlPort>
      <name>portEmpty</name>
      <description>portEmpty</description>
      <in_out>out</in_out>
      <position>
        <x>105</x>
        <y>39</y>
      </position>
    </XmlPort>
    <XmlPort>
      <name>portError</name>
      <description>portError</description>
      <in_out>out</in_out>
      <position>
        <x>105</x>
        <y>62</y>
      </position>
    </XmlPort>
    <XmlAttribute>
      <name>JNDIName</name>
      <description>JNDIName</description>
      <value />
    </XmlAttribute>
    <XmlAttribute>
      <name>Select</name>
      <description>Select</description>
      <value />
    </XmlAttribute>
    <XmlAttribute>
      <name>From</name>
      <description>From</description>
      <value></value>
    </XmlAttribute>
    <XmlAttribute>
      <name>Where</name>
      <description>Where</description>
      <value />
    </XmlAttribute>
    <XmlAttribute>
      <name>Group</name>
      <description>Group</description>
      <value />
    </XmlAttribute>
    <XmlAttribute>
      <name>Order</name>
      <description>Order</description>
      <value />
    </XmlAttribute>
    <XmlAttribute>
      <name>ResultadoUnitario</name>
      <description>UnitResult</description>
      <value />
    </XmlAttribute>
    <XmlAttribute>
      <name>NumeroResultados</name>
      <description>ResultsNumber</description>
      <value />
    </XmlAttribute>
    <image>bpmn_sql.png</image>
    <className>pt.iknow.floweditor.blocks.AlteraAtributosSQL</className>
    <description>SQL Select</description>
    <i18n>library.db.block.select</i18n>
  </XmlBlock>
  <XmlBlock>
    <class>BlockSQLInsert</class>
    <XmlPort>
      <name>portIn</name>
      <description>portIn</description>
      <in_out>in</in_out>
      <position>
        <x>-2</x>
        <y>40</y>
      </position>
    </XmlPort>
    <XmlPort>
      <name>portSuccess</name>
      <description>portSuccess</description>
      <in_out>out</in_out>
      <position>
        <x>105</x>
        <y>20</y>
      </position>
    </XmlPort>
    <XmlPort>
      <name>portEmpty</name>
      <description>portEmpty</description>
      <in_out>out</in_out>
      <position>
        <x>105</x>
        <y>39</y>
      </position>
    </XmlPort>
    <XmlPort>
      <name>portError</name>
      <description>portError</description>
      <in_out>out</in_out>
      <position>
        <x>105</x>
        <y>62</y>
      </position>
    </XmlPort>
    <XmlAttribute>
      <name>JNDIName</name>
      <description>JNDIName</description>
      <value />
    </XmlAttribute>
    <XmlAttribute>
      <name>Into</name>
      <description>Into</description>
      <value />
    </XmlAttribute>
    <XmlAttribute>
      <name>Names</name>
      <description>Names</description>
      <value></value>
    </XmlAttribute>
    <XmlAttribute>
      <name>Values</name>
      <description>Values</description>
      <value />
    </XmlAttribute>
   <image>bpmn_sql.png</image>
    <className>pt.iknow.floweditor.blocks.AlteraAtributosSQL</className>
    <description>SQL Insert</description>
    <i18n>library.db.block.insert</i18n>
  </XmlBlock>
  <XmlBlock>
    <class>BlockSQLBatchInsert</class>
    <XmlPort>
      <name>portIn</name>
      <description>portIn</description>
      <in_out>in</in_out>
      <position>
        <x>-2</x>
        <y>40</y>
      </position>
    </XmlPort>
    <XmlPort>
      <name>portSuccess</name>
      <description>portSuccess</description>
      <in_out>out</in_out>
      <position>
        <x>105</x>
        <y>20</y>
      </position>
    </XmlPort>
    <XmlPort>
      <name>portEmpty</name>
      <description>portEmpty</description>
      <in_out>out</in_out>
      <position>
        <x>105</x>
        <y>39</y>
      </position>
    </XmlPort>
    <XmlPort>
      <name>portError</name>
      <description>portError</description>
      <in_out>out</in_out>
      <position>
        <x>105</x>
        <y>62</y>
      </position>
    </XmlPort>
    <XmlAttribute>
      <name>JNDIName</name>
      <description>JNDIName</description>
      <value />
    </XmlAttribute>
    <XmlAttribute>
      <name>Into</name>
      <description>Into</description>
      <value />
    </XmlAttribute>
    <XmlAttribute>
      <name>Names</name>
      <description>Names</description>
      <value></value>
    </XmlAttribute>
    <XmlAttribute>
      <name>Values</name>
      <description>Values</description>
      <value />
    </XmlAttribute>
    <XmlAttribute>
      <name>Vars</name>
      <description>Vars</description>
      <value />
    </XmlAttribute>
    <image>bpmn_sql.png</image>
    <className>pt.iknow.floweditor.blocks.AlteraAtributosSQL</className>
    <description>SQL BatchInsert</description>
    <i18n>library.db.block.batchinsert</i18n>
  </XmlBlock>
  <XmlBlock>
    <class>BlockSQLUpdate</class>
    <XmlPort>
      <name>portIn</name>
      <description>portIn</description>
      <in_out>in</in_out>
      <position>
        <x>-2</x>
        <y>40</y>
      </position>
    </XmlPort>
    <XmlPort>
      <name>portSuccess</name>
      <description>portSuccess</description>
      <in_out>out</in_out>
      <position>
        <x>105</x>
        <y>20</y>
      </position>
    </XmlPort>
    <XmlPort>
      <name>portEmpty</name>
      <description>portEmpty</description>
      <in_out>out</in_out>
      <position>
        <x>105</x>
        <y>39</y>
      </position>
    </XmlPort>
    <XmlPort>
      <name>portError</name>
      <description>portError</description>
      <in_out>out</in_out>
      <position>
        <x>105</x>
        <y>62</y>
      </position>
    </XmlPort>
    <XmlAttribute>
      <name>JNDIName</name>
      <description>JNDIName</description>
      <value />
    </XmlAttribute>
    <XmlAttribute>
      <name>Tabela</name>
      <description>Tabela</description>
      <value />
    </XmlAttribute>
    <XmlAttribute>
      <name>Set</name>
      <description>Set</description>
      <value></value>
    </XmlAttribute>
    <XmlAttribute>
      <name>Where</name>
      <description>Where</description>
      <value></value>
    </XmlAttribute>
    <image>bpmn_sql.png</image>
    <className>pt.iknow.floweditor.blocks.AlteraAtributosSQL</className>
    <description>SQL Update</description>
    <i18n>library.db.block.update</i18n>
  </XmlBlock>
  <XmlBlock>
  <class>BlockSQLBatchUpdate</class>
	<XmlPort>
		<name>portIn</name>
		<description>portIn</description>
		<in_out>in</in_out>
		<position>
			<x>-2</x>
			<y>40</y>
		</position>
	</XmlPort>
	<XmlPort>
		<name>portSuccess</name>
		<description>portSuccess</description>
		<in_out>out</in_out>
		<position>
			<x>105</x>
			<y>20</y>
		</position>
	</XmlPort>
	<XmlPort>
		<name>portEmpty</name>
		<description>portEmpty</description>
		<in_out>out</in_out>
		<position>
			<x>105</x>
			<y>39</y>
		</position>
	</XmlPort>
	<XmlPort>
		<name>portError</name>
		<description>portError</description>
		<in_out>out</in_out>
		<position>
			<x>105</x>
			<y>62</y>
		</position>
	</XmlPort>
	<XmlAttribute>
		<name>JNDIName</name>
		<description>JNDIName</description>
		<value />
	</XmlAttribute>
	<XmlAttribute>
		<name>Tabela</name>
		<description>Tabela</description>
		<value />
	</XmlAttribute>
	<XmlAttribute>
		<name>Set</name>
		<description>Set</description>
		<value></value>
	</XmlAttribute>
	<XmlAttribute>
		<name>Where</name>
		<description>Where</description>
		<value></value>
	</XmlAttribute>
	<XmlAttribute>
		<name>SetVars</name>
		<description>SetVars</description>
		<value />
	</XmlAttribute>
	<XmlAttribute>
		<name>WhereVars</name>
		<description>WhereVars</description>
		<value />
	</XmlAttribute>
    <image>bpmn_sql.png</image>
	<className>pt.iknow.floweditor.blocks.AlteraAtributosSQL</className>
	<description>SQL BatchUpdate</description>
    <i18n>library.db.block.batchupdate</i18n>
  </XmlBlock>
  <XmlBlock>
    <class>BlockSQLDelete</class>
    <XmlPort>
      <name>portIn</name>
      <description>portIn</description>
      <in_out>in</in_out>
      <position>
        <x>-2</x>
        <y>40</y>
      </position>
    </XmlPort>
    <XmlPort>
      <name>portSuccess</name>
      <description>portSuccess</description>
      <in_out>out</in_out>
      <position>
        <x>105</x>
        <y>20</y>
      </position>
    </XmlPort>
    <XmlPort>
      <name>portEmpty</name>
      <description>portEmpty</description>
      <in_out>out</in_out>
      <position>
        <x>105</x>
        <y>39</y>
      </position>
    </XmlPort>
    <XmlPort>
      <name>portError</name>
      <description>portError</description>
      <in_out>out</in_out>
      <position>
        <x>105</x>
        <y>62</y>
      </position>
    </XmlPort>
    <XmlAttribute>
      <name>JNDIName</name>
      <description>JNDIName</description>
      <value />
    </XmlAttribute>
    <XmlAttribute>
      <name>Tabela</name>
      <description>Table</description>
      <value />
    </XmlAttribute>
    <XmlAttribute>
      <name>Where</name>
      <description>Where</description>
      <value></value>
    </XmlAttribute>
    <image>bpmn_sql.png</image>
    <className>pt.iknow.floweditor.blocks.AlteraAtributosSQL</className>
    <description>SQL Delete</description>
    <i18n>library.db.block.delete</i18n>
  </XmlBlock>
  <XmlBlock>
    <class>BlockSQLSave</class>
    <XmlPort>
      <name>portIn</name>
      <description>portIn</description>
      <in_out>in</in_out>
      <position>
        <x>-2</x>
        <y>30</y>
      </position>
    </XmlPort>
    <XmlPort>
      <name>portSuccess</name>
      <description>portSuccess</description>
      <in_out>out</in_out>
      <position>
        <x>99</x>
        <y>20</y>
      </position>
    </XmlPort>
    <XmlPort>
      <name>portError</name>
      <description>portError</description>
      <in_out>out</in_out>
      <position>
        <x>99</x>
        <y>44</y>
      </position>
    </XmlPort>
    <XmlAttribute>
      <name>JNDIName</name>
      <description>JNDIName</description>
      <value />
    </XmlAttribute>
    <XmlAttribute>
      <name>Tabela</name>
      <description>Tabela</description>
      <value />
    </XmlAttribute>
    <XmlAttribute>
      <name>wizard</name>
      <description>wizard</description>
      <value>1</value>
    </XmlAttribute>
    <image>bpmn_sql_insert_update.png</image>
    <className>pt.iknow.floweditor.blocks.AlteraAtributosSQL</className>
    <description>SQL Save</description>
    <i18n>library.db.block.save</i18n>
  </XmlBlock>
</XmlLibrary>
