<?xml version="1.0" encoding="UTF-8"?>
<!-- edited with XML Spy v4.4 U (http://www.xmlspy.com) by jmv (.) -->
<XmlLibrary xmlns:xsi="http://www.w3.org/2001/XMLSchema-instance" xsi:noNamespaceSchemaLocation="library.xsd">
  <name>Notify</name>
  <version>1.0</version>
  <author>iKnow</author>
  <description>Notify</description>
  <i18nName>library.notify.name</i18nName>
  <i18nDescription>library.notify.description</i18nDescription>
  <XmlBlock>
    <class>BlockEmail</class>
    <XmlPort>
      <name>portIn</name>
      <description>Entrada</description>
      <in_out>in</in_out>
      <position>
        <x>-5</x>
        <y>30</y>
      </position>
    </XmlPort>
    <XmlPort>
      <name>portSuccess</name>
      <description>Success</description>
      <in_out>out</in_out>
      <position>
        <x>102</x>
        <y>20</y>
      </position>
    </XmlPort>
    <XmlPort>
      <name>portError</name>
      <description>Error</description>
      <in_out>out</in_out>
      <position>
        <x>102</x>
        <y>45</y>
      </position>
    </XmlPort>
    <image>bpmn_send_notification.png</image>
    <className>pt.iknow.floweditor.blocks.AlteraAtributosEmail</className>
    <description>Email</description>
	<i18n>library.notify.block.email</i18n>
  </XmlBlock>
  <XmlBlock>
    <class>BlockEmailPerfil</class>
    <XmlPort>
      <name>portIn</name>
      <description>In</description>
      <in_out>in</in_out>
      <position>
        <x>-5</x>
        <y>30</y>
      </position>
    </XmlPort>
    <XmlPort>
      <name>portSuccess</name>
      <description>Success</description>
      <in_out>out</in_out>
      <position>
        <x>102</x>
        <y>20</y>
      </position>
    </XmlPort>
    <XmlPort>
      <name>portError</name>
      <description>Erro</description>
      <in_out>out</in_out>
      <position>
        <x>102</x>
        <y>45</y>
      </position>
    </XmlPort>
    <image>bpmn_send_notification.png</image>
    <className>pt.iknow.floweditor.blocks.AlteraAtributosEmailPerfil</className>
    <description>Email to Profile</description>
	<i18n>library.notify.block.profile_email</i18n>
  </XmlBlock>
  <XmlBlock>
    <class>BlockEmailIntervenientes</class>
    <XmlPort>
      <name>portIn</name>
      <description>Entrada</description>
      <in_out>in</in_out>
      <position>
        <x>-5</x>
        <y>30</y>
      </position>
    </XmlPort>
    <XmlPort>
      <name>portSuccess</name>
      <description>Sucesso</description>
      <in_out>out</in_out>
      <position>
        <x>102</x>
        <y>20</y>
      </position>
    </XmlPort>
    <XmlPort>
      <name>portError</name>
      <description>Erro</description>
      <in_out>out</in_out>
      <position>
        <x>102</x>
        <y>45</y>
      </position>
    </XmlPort>
    <image>bpmn_send_notification.png</image>
    <className>pt.iknow.floweditor.blocks.AlteraAtributosEmailIntervenientes</className>
    <description>Email Actor</description>
	<i18n>library.notify.block.interv_email</i18n>
  </XmlBlock>
  <XmlBlock>
    <class>BlockSMS</class>
    <XmlPort>
      <name>portIn</name>
      <description>Entrada</description>
      <in_out>in</in_out>
      <position>
        <x>-5</x>
        <y>30</y>
      </position>
    </XmlPort>
    <XmlPort>
      <name>portSuccess</name>
      <description>Sucesso</description>
      <in_out>out</in_out>
      <position>
        <x>102</x>
        <y>20</y>
      </position>
    </XmlPort>
    <XmlPort>
      <name>portError</name>
      <description>Erro</description>
      <in_out>out</in_out>
      <position>
        <x>102</x>
        <y>45</y>
      </position>
    </XmlPort>
    <XmlAttribute>
      <name>phone</name>
      <description>Telephone</description>
      <value />
    </XmlAttribute>
    <XmlAttribute>
      <name>subject</name>
      <description>Subject</description>
      <value />
    </XmlAttribute>
    <XmlAttribute>
      <name>message</name>
      <description>Message</description>
      <value />
    </XmlAttribute>
    <image>bpmn_send_sms.png</image>
    <description>SMS</description>
	<i18n>library.notify.block.sms</i18n>
  </XmlBlock>
  <XmlBlock>
    <class>BlockSMSPerfil</class>
    <XmlPort>
      <name>portIn</name>
      <description>Entrada</description>
      <in_out>in</in_out>
      <position>
        <x>-5</x>
        <y>30</y>
      </position>
    </XmlPort>
    <XmlPort>
      <name>portSuccess</name>
      <description>Sucesso</description>
      <in_out>out</in_out>
      <position>
        <x>102</x>
        <y>20</y>
      </position>
    </XmlPort>
    <XmlPort>
      <name>portError</name>
      <description>Erro</description>
      <in_out>out</in_out>
      <position>
        <x>102</x>
        <y>45</y>
      </position>
    </XmlPort>
    <image>bpmn_send_sms.png</image>
    <className>pt.iknow.floweditor.blocks.AlteraAtributosSMSPerfil</className>
    <description>SMS to Profile</description>
	<i18n>library.notify.block.profile_sms</i18n>
  </XmlBlock>
  <XmlBlock>
    <class>BlockNotification</class>
    <XmlPort>
      <name>portIn</name>
      <description>Entrada</description>
      <in_out>in</in_out>
      <position>
        <x>-5</x>
        <y>30</y>
      </position>
    </XmlPort>
    <XmlPort>
      <name>portSuccess</name>
      <description>Sucesso</description>
      <in_out>out</in_out>
      <position>
        <x>102</x>
        <y>20</y>
      </position>
    </XmlPort>
    <XmlPort>
      <name>portError</name>
      <description>Erro</description>
      <in_out>out</in_out>
      <position>
        <x>102</x>
        <y>45</y>
      </position>
    </XmlPort>
    <image>bpmn_send_notification.png</image>
	<className>pt.iknow.floweditor.blocks.AlteraAtributosNotification</className>
    <description>Notification</description>
	<i18n>library.notify.block.notification</i18n>
  </XmlBlock>
</XmlLibrary>
