<?xml version="1.0" encoding="UTF-8"?>
<XmlLibrary xmlns:xsi="http://www.w3.org/2001/XMLSchema-instance" xsi:noNamespaceSchemaLocation="library.xsd">
  <name>Processes</name>
  <version>1.0</version>
  <author>iKnow</author>
  <description>Processes</description>
  <i18nName>library.proc.name</i18nName>
  <i18nDescription>library.proc.description</i18nDescription>
  <XmlBlock>
    <class>BlockOpenProc</class>
    <XmlPort>
      <name>portIn</name>
      <description>portIn</description>
      <in_out>in</in_out>
      <position>
        <x>-5</x>
        <y>30</y>
      </position>
    </XmlPort>
    <XmlPort>
      <name>portFront</name>
      <description>portFront</description>
      <in_out>out</in_out>
      <position>
        <x>102</x>
        <y>20</y>
      </position>
    </XmlPort>
    <XmlPort>
      <name>portError</name>
      <description>portError</description>
      <in_out>out</in_out>
      <position>
        <x>102</x>
        <y>45</y>
      </position>
    </XmlPort>
    <image>bpmn_open_process.png</image>
    <className>pt.iknow.floweditor.blocks.AlteraAtributosOpenProc</className>
    <description>Open Process</description>
	<i18n>library.proc.block.open_proc</i18n>
  </XmlBlock>
  <XmlBlock>
    <class>BlockPesquisaProcesso</class>
    <XmlPort>
      <name>portIn</name>
      <description>portIn</description>
      <in_out>in</in_out>
      <position>
        <x>-5</x>
        <y>30</y>
      </position>
    </XmlPort>
    <XmlPort>
      <name>portSuccess</name>
      <description>portSuccess</description>
      <in_out>out</in_out>
      <position>
        <x>102</x>
        <y>12</y>
      </position>
    </XmlPort>
    <XmlPort>
      <name>portEmpty</name>
      <description>portEmpty</description>
      <in_out>out</in_out>
      <position>
        <x>102</x>
        <y>29</y>
      </position>
    </XmlPort>
    <XmlPort>
      <name>portError</name>
      <description>portError</description>
      <in_out>out</in_out>
      <position>
        <x>102</x>
        <y>45</y>
      </position>
    </XmlPort>
    <className>pt.iknow.floweditor.blocks.AlteraAtributosPesquisaProcesso</className>
    <image>bpmn_process_search.png</image>
    <description>Search Process</description>
	<i18n>library.proc.block.search_proc</i18n>
  </XmlBlock>
  <XmlBlock>
    <class>BlockSwitchProc</class>
    <XmlPort>
      <name>portIn</name>
      <description>portIn</description>
      <in_out>in</in_out>
      <position>
        <x>-5</x>
        <y>30</y>
      </position>
    </XmlPort>
    <XmlPort>
      <name>portError</name>
      <description>portError</description>
      <in_out>out</in_out>
      <position>
        <x>102</x>
        <y>30</y>
      </position>
    </XmlPort>
    <XmlAttribute>
      <name>PidVarName</name>
      <description>PidVarName</description>
      <value></value>
    </XmlAttribute>
    <XmlAttribute>
      <name>SubPidVarName</name>
      <description>SubPidVarName</description>
      <value>1</value>
    </XmlAttribute>
    <image>bpmn_switch_process.png</image>
    <description>Switch Process</description>
	<i18n>library.proc.block.switch_proc</i18n>
  </XmlBlock>
  <XmlBlock>
    <class>BlockSwitchProcAsUser</class>
    <XmlPort>
      <name>portIn</name>
      <description>portIn</description>
      <in_out>in</in_out>
      <position>
        <x>-5</x>
        <y>30</y>
      </position>
    </XmlPort>
    <XmlPort>
      <name>portError</name>
      <description>portError</description>
      <in_out>out</in_out>
      <position>
        <x>102</x>
        <y>30</y>
      </position>
    </XmlPort>
    <XmlAttribute>
      <name>FlowIdVarName</name>
      <description>FlowIdVarName</description>
      <value></value>
    </XmlAttribute>
    <XmlAttribute>
      <name>PidVarName</name>
      <description>PidVarName</description>
      <value></value>
    </XmlAttribute>
    <XmlAttribute>
      <name>SubPidVarName</name>
      <description>SubPidVarName</description>
      <value>1</value>
    </XmlAttribute>
    <XmlAttribute>
      <name>KeepInSession</name>
      <description>KeepInSession</description>
      <value>Nao</value>
    </XmlAttribute>
    <image>bpmn_switch_process.png</image>
    <description>Switch Process as User</description>
	<i18n>library.proc.block.switch_proc_user</i18n>
  </XmlBlock>
  <XmlBlock>
    <class>BlockSaveToDB</class>
    <XmlPort>
      <name>portIn</name>
      <description>portIn</description>
      <in_out>in</in_out>
      <position>
        <x>-5</x>
        <y>30</y>
      </position>
    </XmlPort>
    <XmlPort>
      <name>portOut</name>
      <description>portOut</description>
      <in_out>out</in_out>
      <position>
        <x>102</x>
        <y>30</y>
      </position>
    </XmlPort>
    <image>bpmn_savetodb.png</image>
    <description>Save to BD</description>
	<i18n>library.proc.block.save_proc</i18n>
  </XmlBlock>
  <XmlBlock>
    <class>BlockCleanProcError</class>
    <XmlPort>
      <name>portIn</name>
      <description>portIn</description>
      <in_out>in</in_out>
      <position>
        <x>-5</x>
        <y>30</y>
      </position>
    </XmlPort>
    <XmlPort>
      <name>portOut</name>
      <description>portOut</description>
      <in_out>out</in_out>
      <position>
        <x>102</x>
        <y>30</y>
      </position>
    </XmlPort>
    <image>bpmn_clean_proc.png</image>
    <description>Clean Process Errors</description>
	<i18n>library.proc.block.clean_proc_errors</i18n>
  </XmlBlock>
  <XmlBlock>
    <class>BlockProcDetail</class>
    <XmlPort>
      <name>portIn</name>
      <description>portIn</description>
      <in_out>in</in_out>
      <position>
        <x>-5</x>
        <y>30</y>
      </position>
    </XmlPort>
    <XmlPort>
      <name>portOut</name>
      <description>portOut</description>
      <in_out>out</in_out>
      <position>
        <x>102</x>
        <y>30</y>
      </position>
    </XmlPort>
    <className>pt.iknow.floweditor.blocks.AlteraAtributosProcDetail</className>
    <image>bpmn_process_detail.png</image>
    <description>Process Detail</description>
    <color r="0" g="0" b="255" a="127"/>
	<i18n>library.proc.block.proc_detail</i18n>
  </XmlBlock>
</XmlLibrary>
