<?xml version="1.0" encoding="UTF-8"?>
<XmlLibrary xmlns:xsi="http://www.w3.org/2001/XMLSchema-instance" xsi:noNamespaceSchemaLocation="library.xsd">
  <name>Utils</name>
  <version>1.0</version>
  <author>iKnow</author>
  <description>Utility Library</description>
  <i18nName>library.utils.name</i18nName>
  <i18nDescription>library.utils.description</i18nDescription>
  
  	<XmlBlock>
		<class>BlockFormulario</class>
		<XmlPort>
			<name>portIn</name>
			<description>portIn</description>
			<in_out>in</in_out>
			<position>
				<x>-5</x>
				<y>30</y>
			</position>
		</XmlPort>
		<XmlPort>
			<name>portFront</name>
			<description>portFront</description>
			<in_out>out</in_out>
			<position>
				<x>106</x>
				<y>30</y>
			</position>
		</XmlPort>
		<XmlPort>
			<name>portEvent</name>
			<description>portEvent</description>
			<in_out>out</in_out>
			<position>
				<x>48</x>
				<y>65</y>
			</position>
		</XmlPort>
		<image>bpmn_form.png</image>
		<className>pt.iknow.floweditor.blocks.AlteraAtributosJSP</className>
		<description>Form</description>
		<i18n>library.basic.block.form</i18n>
	</XmlBlock>
	<XmlBlock>
		<class>BlockCopia</class>
		<XmlPort>
			<name>portIn</name>
			<description>portIn</description>
			<in_out>in</in_out>
			<position>
				<x>-5</x>
				<y>30</y>
			</position>
		</XmlPort>
		<XmlPort>
			<name>portOut</name>
			<description>portOut</description>
			<in_out>out</in_out>
			<position>
				<x>106</x>
				<y>30</y>
			</position>
		</XmlPort>
		<image>bpmn_copy.png</image>
		<className>pt.iknow.floweditor.blocks.AlteraAtributosCopia</className>
		<description>Assignment</description>
		<i18n>library.basic.block.copy</i18n>
	</XmlBlock>
	<XmlBlock>
		<class>BlockValidacoes</class>
		<XmlPort>
			<name>portIn</name>
			<description>portIn</description>
			<in_out>in</in_out>
			<position>
				<x>-5</x>
				<y>30</y>
			</position>
		</XmlPort>
		<XmlPort>
			<name>portOutError</name>
			<description>portOutError</description>
			<in_out>out</in_out>
			<position>
				<x>102</x>
				<y>45</y>
			</position>
		</XmlPort>
		<XmlPort>
			<name>portOutOk</name>
			<description>portOutOk</description>
			<in_out>out</in_out>
			<position>
				<x>102</x>
				<y>20</y>
			</position>
		</XmlPort>
		<image>bpmn_validation.png</image>
		<className>pt.iknow.floweditor.blocks.AlteraAtributosValidacoes</className>
		<description>Validation</description>
		<i18n>library.basic.block.validation</i18n>
	</XmlBlock>

  <XmlBlock>
    <class>BlockDate</class>
    <XmlPort>
      <name>portIn</name>
      <description>portIn</description>
      <in_out>in</in_out>
      <position>
        <x>-5</x>
        <y>30</y>
      </position>
    </XmlPort>
    <XmlPort>
      <name>portOut</name>
      <description>portOut</description>
      <in_out>out</in_out>
      <position>
        <x>102</x>
        <y>30</y>
      </position>
    </XmlPort>
    <XmlAttribute>
      <name>data</name>
      <description>Input Date</description>
      <value>data</value>
    </XmlAttribute>
    <XmlAttribute>
      <name>dia</name>
      <description>Day</description>
      <value>dia</value>
    </XmlAttribute>
    <XmlAttribute>
      <name>mes</name>
      <description>Month</description>
      <value>mes</value>
    </XmlAttribute>
    <XmlAttribute>
      <name>nome_mes</name>
      <description>Month Name</description>
      <value>mes_str</value>
    </XmlAttribute>
    <XmlAttribute>
      <name>ano</name>
      <description>Year</description>
      <value>ano</value>
    </XmlAttribute>
    <XmlAttribute>
      <name>semana</name>
      <description>Week in Month</description>
      <value>semana</value>
    </XmlAttribute>
    <XmlAttribute>
      <name>inicio_semana</name>
      <description>First Week Day</description>
      <value>inicio_semana</value>
    </XmlAttribute>
    <XmlAttribute>
      <name>fim_semana</name>
      <description>Last Week Day</description>
      <value>fim_semana</value>
    </XmlAttribute>
    <image>bpmn_task_util.png</image>
    <description>Date</description>
    <i18n>library.utils.block.date</i18n>
  </XmlBlock>
  <XmlBlock>
    <class>BlockDateOperation</class>
    <XmlPort>
      <name>portIn</name>
      <description>portIn</description>
      <in_out>in</in_out>
      <position>
        <x>-5</x>
        <y>30</y>
      </position>
    </XmlPort>
    <XmlPort>
      <name>portSuccess</name>
      <description>Success</description>
      <in_out>out</in_out>
      <position>
        <x>102</x>
        <y>20</y>
      </position>
    </XmlPort>
    <XmlPort>
      <name>portError</name>
      <description>Error</description>
      <in_out>out</in_out>
      <position>
        <x>102</x>
        <y>45</y>
      </position>
    </XmlPort>
    <XmlAttribute>
      <name>inputVar</name>
      <description>Input Variable</description>
    </XmlAttribute>
    <XmlAttribute>
      <name>outputVar</name>
      <description>Output Variable</description>
    </XmlAttribute>
    <XmlAttribute>
      <name>operation</name>
      <description>Operation</description>
    </XmlAttribute>
    <XmlAttribute>
      <name>type</name>
      <description>Type</description>
    </XmlAttribute>
    <XmlAttribute>
      <name>value</name>
      <description>Value</description>
    </XmlAttribute>
    <image>bpmn_date_operation.png</image>
    <className>pt.iknow.floweditor.blocks.AlteraAtributosDateOperation</className>
    <description>Date Operation</description>
    <i18n>library.utils.block.date_op</i18n>
  </XmlBlock>
  <XmlBlock>
    <class>BlockDataImport</class> 
    <XmlPort>
      <name>portIn</name>
      <description>Input</description>
      <in_out>in</in_out>
      <position>
        <x>-5</x>
        <y>30</y>
      </position>
    </XmlPort>
    <XmlPort>
      <name>portSuccess</name>
      <description>Success</description>
      <in_out>out</in_out>
      <position>
        <x>102</x>
        <y>20</y>
      </position>
    </XmlPort>
    <XmlPort>
      <name>portError</name>
      <description>Error</description>
      <in_out>out</in_out>
      <position>
        <x>102</x>
        <y>45</y>
      </position>
    </XmlPort>
    <image>bpmn_data_export.png</image>
    <className>pt.iknow.floweditor.blocks.AlteraAtributosDataImport</className>
    <description>Data Import</description>
    <i18n>library.utils.block.data_import</i18n>
  </XmlBlock>
  <XmlBlock>
  	<class>BlockSeries</class>
  	<XmlPort>
  		<name>portIn</name>
  		<description>Input</description>
  		<in_out>in</in_out>
  		<position>
  			<x>-5</x>
  			<y>30</y>
  		</position>
  	</XmlPort>
  	<XmlPort>
  		<name>portSuccess</name>
  		<description>Success</description>
  		<in_out>out</in_out>
  		<position>
  			<x>102</x>
  			<y>20</y>
  		</position>
  	</XmlPort>
  	<XmlPort>
  		<name>portError</name>
  		<description>Error</description>
  		<in_out>out</in_out>
  		<position>
  			<x>102</x>
  			<y>45</y>
  		</position>
  	</XmlPort>
  	<XmlAttribute>
  		<name>Series</name>
  		<description>Series name</description>
  		<value />
  	</XmlAttribute>
  	<XmlAttribute>
  		<name>ExtraPrefix</name>
  		<description>Extra Prefix</description>
  		<value />
  	</XmlAttribute>
  	<XmlAttribute>
  		<name>ExtraSuffix</name>
  		<description>Extra Suffix</description>
  		<value />
  	</XmlAttribute>
  	  	<XmlAttribute>
  		<name>OutputVariable</name>
  		<description>Ouput/destination variable</description>
  		<value />
  	</XmlAttribute>
  	<image>bpmn_series.png</image>
  	<description>Series</description>
    <i18n>library.utils.block.series</i18n>
  </XmlBlock>
	<XmlBlock>
		<class>BlockCriarDocumento</class>
		<XmlPort>
			<name>portIn</name>
			<description>portIn</description>
			<in_out>in</in_out>
			<position>
				<x>-5</x>
				<y>30</y>
			</position>
		</XmlPort>
		<XmlPort>
			<name>portOutOk</name>
			<description>portOutOk</description>
			<in_out>out</in_out>
			<position>
				<x>102</x>
				<y>20</y>
			</position>
		</XmlPort>
		<XmlPort>
			<name>portOutError</name>
			<description>portOutError</description>
			<in_out>out</in_out>
			<position>
				<x>102</x>
				<y>45</y>
			</position>
		</XmlPort>
		<XmlAttribute>
			<name>template</name>
			<description>Template</description>
			<value />
		</XmlAttribute>
		<XmlAttribute>
			<name>variable</name>
			<description>Variable</description>
			<value />
		</XmlAttribute>
		<XmlAttribute>
			<name>filename</name>
			<description>File Name</description>
			<value />
		</XmlAttribute>
		<image>bpmn_create_doc.png</image>
		<className>pt.iknow.floweditor.blocks.AlteraAtributosCriarDocumento</className>
		<description>Create Document</description>
		<i18n>library.utils.block.gen_doc</i18n>
	</XmlBlock>
	<XmlBlock>
		<class>BlockCriarXls</class>
		<XmlPort>
			<name>portIn</name>
			<description>portIn</description>
			<in_out>in</in_out>
			<position>
				<x>-5</x>
				<y>30</y>
			</position>
		</XmlPort>
		<XmlPort>
			<name>portOutOk</name>
			<description>portOutOk</description>
			<in_out>out</in_out>
			<position>
				<x>102</x>
				<y>20</y>
			</position>
		</XmlPort>
		<XmlPort>
			<name>portOutError</name>
			<description>portOutError</description>
			<in_out>out</in_out>
			<position>
				<x>102</x>
				<y>45</y>
			</position>
		</XmlPort>
		<XmlAttribute>
			<name>filename</name>
			<description>File Name</description>
			<value />
		</XmlAttribute>
		<XmlAttribute>
			<name>variable</name>
			<description>Variable</description>
			<value />
		</XmlAttribute>
		<XmlAttribute>
			<name>columnNames</name>
			<description>Column Names</description>
			<value />
		</XmlAttribute>
		<XmlAttribute>
			<name>columnValues</name>
			<description>Column Values</description>
			<value />
		</XmlAttribute>
		<image>bpmn_data_import.png</image>
		<className>pt.iknow.floweditor.blocks.AlteraAtributosCriarDocumento</className>
		<description>Create Excel Document</description>
		<i18n>library.utils.block.gen_xls</i18n>
	</XmlBlock>
    <XmlBlock>
        <class>BlockFormTemplate</class>
        <className>pt.iknow.floweditor.blocks.AlteraAtributosFormTemplate</className>
        <image>bpmn_task.png</image>
        <description>FormTemplate</description>
      </XmlBlock>
	    <XmlBlock>
  	<class>BlockDocumentInfo</class>
  	<XmlPort>
  		<name>portIn</name>
  		<description>Input</description>
  		<in_out>in</in_out>
  		<position>
  			<x>-5</x>
  			<y>30</y>
  		</position>
  	</XmlPort>
  	<XmlPort>
  		<name>portSuccess</name>
  		<description>Success</description>
  		<in_out>out</in_out>
  		<position>
  			<x>102</x>
  			<y>20</y>
  		</position>
  	</XmlPort>
  	<XmlPort>
  		<name>portError</name>
  		<description>Error</description>
  		<in_out>out</in_out>
  		<position>
  			<x>102</x>
  			<y>45</y>
  		</position>
  	</XmlPort>
  	<XmlAttribute>
  		<name>JNDIName</name>
  		<description>JNDIName (input)</description>
  		<value />
  	</XmlAttribute>
  	<XmlAttribute>
  		<name>docid</name>
  		<description>Document ID (input)</description>
  		<value />
  	</XmlAttribute>
  	<XmlAttribute>
  		<name>user</name>
  		<description>Users (input)</description>
  		<value />
  	</XmlAttribute>
  	<XmlAttribute>
  		<name>filename</name>
  		<description>File Name (output)</description>
  		<value />
  	</XmlAttribute>
  	<XmlAttribute>
  		<name>updated</name>
  		<description>Last Updated (output)</description>
  		<value />
  	</XmlAttribute>
  	<XmlAttribute>
  		<name>url</name>
  		<description>URL (output)</description>
  		<value />
  	</XmlAttribute>
  	<image>bpmn_document_info.png</image>
  	<description>Doc Info</description>
    <i18n>library.dms.block.doc_info</i18n>
  </XmlBlock>
  <XmlBlock>
        <class>BlockPutFileInDisk</class>
        <XmlPort>
            <name>portIn</name>
            <description>Entrada</description>
            <in_out>in</in_out>
            <position>
                <x>-5</x>
                <y>25</y>
            </position>
        </XmlPort>
        <XmlPort>
            <name>portSuccess</name>
            <description>Sucesso</description>
            <in_out>out</in_out>
            <position>
                <x>102</x>
                <y>20</y>
            </position>
        </XmlPort>
        <XmlPort>
            <name>portError</name>
            <description>Erro</description>
            <in_out>out</in_out>
            <position>
                <x>102</x>
                <y>40</y>
            </position>
        </XmlPort>
        <XmlAttribute>
            <name>Document</name>
            <description>Document holder</description>
            <value />
        </XmlAttribute>
        <XmlAttribute>
            <name>Path</name>
            <description>Path to file(s) folder</description>
            <value />
        </XmlAttribute>
        <image>bpmn_put_file.png</image>
        <description>Write File(s) to disk</description>
        <i18n>library.dms.block.put_file_in_disk</i18n>
    </XmlBlock>
    <XmlBlock>
        <class>BlockGetFileInDisk</class>
        <XmlPort>
            <name>portIn</name>
            <description>Entrada</description>
            <in_out>in</in_out>
            <position>
                <x>-5</x>
                <y>25</y>
            </position>
        </XmlPort>
        <XmlPort>
            <name>portSuccess</name>
            <description>Sucesso</description>
            <in_out>out</in_out>
            <position>
                <x>102</x>
                <y>20</y>
            </position>
        </XmlPort>
        <XmlPort>
            <name>portError</name>
            <description>Erro</description>
            <in_out>out</in_out>
            <position>
                <x>102</x>
                <y>40</y>
            </position>
        </XmlPort>
        <XmlAttribute>
            <name>Document</name>
            <description>Document holder</description>
            <value />
        </XmlAttribute>
        <XmlAttribute>
            <name>Path</name>
            <description>Path to file(s) folder</description>
            <value />
        </XmlAttribute>
        <image>bpmn_get_file.png</image>
        <description>Read File(s) to disk</description>
        <i18n>library.dms.block.get_file_in_disk</i18n>
    </XmlBlock>  
    <XmlBlock>
        <class>BlockParseTxtFile</class>
        <XmlPort>
            <name>portIn</name>
            <description>Entrada</description>
            <in_out>in</in_out>
            <position>
                <x>-5</x>
                <y>25</y>
            </position>
        </XmlPort>
        <XmlPort>
            <name>portSuccess</name>
            <description>Sucesso</description>
            <in_out>out</in_out>
            <position>
                <x>102</x>
                <y>20</y>
            </position>
        </XmlPort>
        <XmlPort>
            <name>portError</name>
            <description>Erro</description>
            <in_out>out</in_out>
            <position>
                <x>102</x>
                <y>40</y>
            </position>
        </XmlPort>
        <XmlAttribute>
            <name>Document</name>
            <description>Document holder</description>
            <value />
        </XmlAttribute>
        <XmlAttribute>
            <name>Variables</name>
            <description>Variables</description>
            <value />
        </XmlAttribute>
        <XmlAttribute>
            <name>Start</name>
            <description>Start</description>
            <value />
        </XmlAttribute>
        <XmlAttribute>
            <name>End</name>
            <description>End</description>
            <value />
        </XmlAttribute>
        <XmlAttribute>
            <name>Separator</name>
            <description>Separator</description>
            <value />
        </XmlAttribute>
        <image>bpmn_parse_txt_file.png</image>
        <description>Parse a TXT file either in CSV or space delimited</description>
        <i18n>library.dms.block.parse_txt_file</i18n>
    </XmlBlock>
</XmlLibrary>
