<?xml version="1.0" encoding="UTF-8"?>
<XmlLibrary xmlns:xsi="http://www.w3.org/2001/XMLSchema-instance" xsi:noNamespaceSchemaLocation="library.xsd">
	<name>Events</name>
	<version>1.0</version>
	<author>iKnow</author>
	<description>Event Library</description>
	<i18nName>library.events.name</i18nName>
	<i18nDescription>library.events.description</i18nDescription>
	<XmlBlock>
		<class>BlockNOP</class>
		<XmlPort>
			<name>portIn</name>
			<description>portIn</description>
			<in_out>in</in_out>
			<position>
				<x>-5</x>
				<y>25</y>
			</position>
		</XmlPort>
		<XmlPort>
			<name>portEvent</name>
			<description>portEvent</description>
			<in_out>out</in_out>
			<position>
				<x>25</x>
				<y>70</y>
			</position>
		</XmlPort>
		<XmlAttribute>
			<name>end_message</name>
			<description>End Message</description>
			<value></value>
		</XmlAttribute>
		<image>nop.png</image>
		<description>NOP</description>
		<i18n>library.events.block.nop</i18n>
	</XmlBlock>

	<XmlBlock>
		<class>BlockEvento</class>
		<XmlPort>
			<name>portIn</name>
			<description>portIn</description>
			<in_out>in</in_out>
			<position>
				<x>-5</x>
				<y>25</y>
			</position>
		</XmlPort>
		<XmlPort>
			<name>portFront</name>
			<description>portFront</description>
			<in_out>out</in_out>
			<position>
				<x>55</x>
				<y>25</y>
			</position>
		</XmlPort>
		<image>eventos.png</image>
		<className>pt.iknow.floweditor.blocks.AlteraAtributosEvento</className>
		<description>Event</description>
		<i18n>library.events.block.event</i18n>
	</XmlBlock>
	
	<XmlBlock>
    <class>BlockEventTrigger</class>
    <XmlPort>
        <name>portIn</name>
        <description>portIn</description>
        <in_out>in</in_out>
        <position>
        <x>-5</x>
        <y>25</y>
            </position>
    </XmlPort>
    <XmlPort>
        <name>portOk</name>
        <description>portOk</description>
        <in_out>out</in_out>
        <position>
            <x>55</x>
            <y>10</y>
        </position>
    </XmlPort>
    <XmlPort>
      <name>portEmpty</name>
      <description>portEmpty</description>
      <in_out>out</in_out>
      <position>
        <x>55</x>
        <y>25</y>
      </position>
    </XmlPort>
    <XmlPort>
        <name>portError</name>
        <description>portError</description>
        <in_out>out</in_out>
        <position>
            <x>55</x>
            <y>40</y>
        </position>
    </XmlPort>
    <image>eventTrigger.png</image>
    <className>pt.iknow.floweditor.blocks.AlteraAtributosEventTrigger</className>
      <description>EventTrigger</description>
    </XmlBlock>
</XmlLibrary>
