<?xml version="1.0" encoding="UTF-8"?>
	<!-- edited with XML Spy v4.4 U (http://www.xmlspy.com) by jmv (.) -->
<XmlLibrary xmlns:xsi="http://www.w3.org/2001/XMLSchema-instance"
	xsi:noNamespaceSchemaLocation="library.xsd">
	<name>Profiles</name>
	<version>1.0</version>
	<author>iKnow</author>
	<description>Profiles</description>
	<i18nName>library.profiles.name</i18nName>
	<i18nDescription>library.profiles.description</i18nDescription>
	<XmlBlock>
		<class>BlockGetUserInfo</class>
		<XmlPort>
			<name>portIn</name>
			<description>Entrada</description>
			<in_out>in</in_out>
			<position>
				<x>-5</x>
				<y>25</y>
			</position>
		</XmlPort>
		<XmlPort>
			<name>portSuccess</name>
			<description>Sucesso</description>
			<in_out>out</in_out>
			<position>
				<x>55</x>
				<y>10</y>
			</position>
		</XmlPort>
		<XmlPort>
			<name>portError</name>
			<description>Erro</description>
			<in_out>out</in_out>
			<position>
				<x>55</x>
				<y>40</y>
			</position>
		</XmlPort>
		<XmlAttribute>
			<name>IDuserId</name>
			<description>userId</description>
			<value>userid</value>
		</XmlAttribute>
		<XmlAttribute>
			<name>INEMPLOYEE_NUMBER</name>
			<description>EMPLOYEE_NUMBER</description>
			<value></value>
		</XmlAttribute>
		<XmlAttribute>
			<name>IEMAIL_ADDRESS</name>
			<description>EMAIL_ADDRESS</description>
			<value>false</value>
		</XmlAttribute>
		<XmlAttribute>
			<name>OGENDER</name>
			<description>GENDER</description>
			<value></value>
		</XmlAttribute>
		<XmlAttribute>
			<name>OFULL_NAME</name>
			<description>FULL_NAME</description>
			<value></value>
		</XmlAttribute>
		<XmlAttribute>
			<name>OFIRST_NAME</name>
			<description>FIRST_NAME</description>
			<value></value>
		</XmlAttribute>
		<XmlAttribute>
			<name>OLAST_NAME</name>
			<description>LAST_NAME</description>
			<value></value>
		</XmlAttribute>
		<XmlAttribute>
			<name>OPHONE_NUMBER</name>
			<description>PHONE_NUMBER</description>
			<value></value>
		</XmlAttribute>
		<XmlAttribute>
			<name>OFAX_NUMBER</name>
			<description>FAX_NUMBER</description>
			<value></value>
		</XmlAttribute>
		<XmlAttribute>
			<name>OMOBILE_NUMBER</name>
			<description>MOBILE_NUMBER</description>
			<value></value>
		</XmlAttribute>
		<XmlAttribute>
			<name>OCOMPANY_PHONE</name>
			<description>COMPANY_PHONE</description>
			<value></value>
		</XmlAttribute>
		<XmlAttribute>
			<name>OUNITID</name>
			<description>UNITID</description>
			<value></value>
		</XmlAttribute>
		<XmlAttribute>
			<name>OUNITNAME</name>
			<description>UNITNAME</description>
			<value></value>
		</XmlAttribute>
		<XmlAttribute>
			<name>OORG_ID</name>
			<description>ORG_ID</description>
			<value></value>
		</XmlAttribute>
		<XmlAttribute>
			<name>OORGNAME</name>
			<description>ORGNAME</description>
			<value></value>
		</XmlAttribute>
		<image>getuserinfo.png</image>
		<className>pt.iknow.floweditor.blocks.AlteraAtributosGetLDAPInfo</className>
		<description>Get User Info</description>
		<i18n>library.profiles.block.get_user_info</i18n>
	</XmlBlock>
	<XmlBlock>
		<class>BlockForwardTo</class>
		<XmlPort>
			<name>portIn</name>
			<description>Entrada</description>
			<in_out>in</in_out>
			<position>
				<x>-5</x>
				<y>25</y>
			</position>
		</XmlPort>
		<XmlPort>
			<name>portSuccess</name>
			<description>Sucesso</description>
			<in_out>out</in_out>
			<position>
				<x>55</x>
				<y>10</y>
			</position>
		</XmlPort>
		<XmlPort>
			<name>portError</name>
			<description>Erro</description>
			<in_out>out</in_out>
			<position>
				<x>55</x>
				<y>40</y>
			</position>
		</XmlPort>
		<XmlPort>
			<name>portEvent</name>
			<description>portEvent</description>
			<in_out>out</in_out>
			<position>
				<x>25</x>
				<y>70</y>
			</position>
		</XmlPort>
		<image>forwardto.png</image>
		<className>pt.iknow.floweditor.blocks.AlteraAtributosForwardTo</className>
		<description>Forward To</description>
		<i18n>library.profiles.block.forward_to</i18n>
	</XmlBlock>
	<XmlBlock>
		<class>BlockForwardUp</class>
		<XmlPort>
			<name>portIn</name>
			<description>Entrada</description>
			<in_out>in</in_out>
			<position>
				<x>-5</x>
				<y>25</y>
			</position>
		</XmlPort>
		<XmlPort>
			<name>portSuccess</name>
			<description>Sucesso</description>
			<in_out>out</in_out>
			<position>
				<x>55</x>
				<y>10</y>
			</position>
		</XmlPort>
		<XmlPort>
			<name>portTop</name>
			<description>Topo</description>
			<in_out>out</in_out>
			<position>
				<x>55</x>
				<y>25</y>
			</position>
		</XmlPort>
		<XmlPort>
			<name>portError</name>
			<description>Erro</description>
			<in_out>out</in_out>
			<position>
				<x>55</x>
				<y>40</y>
			</position>
		</XmlPort>
		<XmlPort>
			<name>portEvent</name>
			<description>portEvent</description>
			<in_out>out</in_out>
			<position>
				<x>25</x>
				<y>70</y>
			</position>
		</XmlPort>
		<XmlAttribute>
			<name>UserMessage</name>
			<description>User Message</description>
			<value></value>
		</XmlAttribute>
		<image>forwardup.png</image>
		<description>Forward Up</description>
		<i18n>library.profiles.block.forward_up</i18n>
	</XmlBlock>
	<XmlBlock>
		<class>BlockIsInProfiles</class>
		<XmlPort>
			<name>portIn</name>
			<description>portIn</description>
			<in_out>in</in_out>
			<position>
				<x>-5</x>
				<y>25</y>
			</position>
		</XmlPort>
		<XmlPort>
			<name>portTrue</name>
			<description>portTrue</description>
			<in_out>out</in_out>
			<position>
				<x>55</x>
				<y>10</y>
			</position>
		</XmlPort>
		<XmlPort>
			<name>portFalse</name>
			<description>portFalse</description>
			<in_out>out</in_out>
			<position>
				<x>55</x>
				<y>25</y>
			</position>
		</XmlPort>
		<XmlPort>
			<name>portNone</name>
			<description>portNone</description>
			<in_out>out</in_out>
			<position>
				<x>55</x>
				<y>40</y>
			</position>
		</XmlPort>
		<className>pt.iknow.floweditor.blocks.AlteraAtributosIsInProfiles</className>
		<image>isinprofiles.png</image>
		<description>Is In Profiles</description>
		<i18n>library.profiles.block.is_in_profiles</i18n>
	</XmlBlock>
	<XmlBlock>
		<class>BlockIsInProfilesText</class>
		<XmlPort>
			<name>portIn</name>
			<description>portIn</description>
			<in_out>in</in_out>
			<position>
				<x>-5</x>
				<y>25</y>
			</position>
		</XmlPort>
		<XmlPort>
			<name>portTrue</name>
			<description>portTrue</description>
			<in_out>out</in_out>
			<position>
				<x>55</x>
				<y>10</y>
			</position>
		</XmlPort>
		<XmlPort>
			<name>portFalse</name>
			<description>portFalse</description>
			<in_out>out</in_out>
			<position>
				<x>55</x>
				<y>25</y>
			</position>
		</XmlPort>
		<XmlPort>
			<name>portNone</name>
			<description>portNone</description>
			<in_out>out</in_out>
			<position>
				<x>55</x>
				<y>40</y>
			</position>
		</XmlPort>
		<className>pt.iknow.floweditor.blocks.AlteraAtributosIsInProfilesText</className>
		<image>isinprofilestext.png</image>
		<description>Is In Profiles Text</description>
		<i18n>library.profiles.block.is_in_profiles_text</i18n>
	</XmlBlock>
	<XmlBlock>
		<class>BlockGetUserUp</class>
		<XmlPort>
			<name>portIn</name>
			<description>Entrada</description>
			<in_out>in</in_out>
			<position>
				<x>-5</x>
				<y>25</y>
			</position>
		</XmlPort>
		<XmlPort>
			<name>portSuccess</name>
			<description>Sucesso</description>
			<in_out>out</in_out>
			<position>
				<x>55</x>
				<y>10</y>
			</position>
		</XmlPort>
		<XmlPort>
			<name>portTop</name>
			<description>Topo</description>
			<in_out>out</in_out>
			<position>
				<x>55</x>
				<y>25</y>
			</position>
		</XmlPort>
		<XmlPort>
			<name>portError</name>
			<description>Erro</description>
			<in_out>out</in_out>
			<position>
				<x>55</x>
				<y>40</y>
			</position>
		</XmlPort>
		<XmlAttribute>
			<name>User</name>
			<description>User</description>
			<value>userid</value>
		</XmlAttribute>
		<XmlAttribute>
			<name>UserUpVarName</name>
			<description>UserUpVarName</description>
			<value>userup</value>
		</XmlAttribute>
		<image>getuserup.png</image>
		<description>Get User Up</description>
		<i18n>library.profiles.get_user_up</i18n>
	</XmlBlock>
	<XmlBlock>
		<class>BlockGetOrganicalUnitInfo</class>
		<XmlPort>
			<name>portIn</name>
			<description>Entrada</description>
			<in_out>in</in_out>
			<position>
				<x>-5</x>
				<y>25</y>
			</position>
		</XmlPort>
		<XmlPort>
			<name>portSuccess</name>
			<description>Sucesso</description>
			<in_out>out</in_out>
			<position>
				<x>55</x>
				<y>10</y>
			</position>
		</XmlPort>
		<XmlPort>
			<name>portError</name>
			<description>Erro</description>
			<in_out>out</in_out>
			<position>
				<x>55</x>
				<y>40</y>
			</position>
		</XmlPort>
		<XmlAttribute>
			<name>IDUNITID</name>
			<description>UNITID</description>
			<value>unitid</value>
		</XmlAttribute>
		<XmlAttribute>
			<name>ONAME</name>
			<description>NAME</description>
			<value></value>
		</XmlAttribute>
		<XmlAttribute>
			<name>ODESCRIPTION</name>
			<description>DESCRIPTION</description>
			<value></value>
		</XmlAttribute>
		<XmlAttribute>
			<name>OORGANIZATIONID</name>
			<description>ORGANIZATIONID</description>
			<value></value>
		</XmlAttribute>
		<XmlAttribute>
			<name>OORG_NAME</name>
			<description>ORG_NAME</description>
			<value></value>
		</XmlAttribute>
		<XmlAttribute>
			<name>OMANAGER_USERNAME</name>
			<description>MANAGER_USERNAME</description>
			<value></value>
		</XmlAttribute>
		<image>getorganicalunitinfo.png</image>
		<className>pt.iknow.floweditor.blocks.AlteraAtributosGetLDAPInfo</className>
		<description>Get Organic Unit Info</description>
		<i18n>library.profiles.get_org_unit_info</i18n>
	</XmlBlock>
	<XmlBlock>
		<class>BlockGetOrganicalUnitParent</class>
		<XmlPort>
			<name>portIn</name>
			<description>Entrada</description>
			<in_out>in</in_out>
			<position>
				<x>-5</x>
				<y>25</y>
			</position>
		</XmlPort>
		<XmlPort>
			<name>portSuccess</name>
			<description>Sucesso</description>
			<in_out>out</in_out>
			<position>
				<x>55</x>
				<y>10</y>
			</position>
		</XmlPort>
		<XmlPort>
			<name>portError</name>
			<description>Erro</description>
			<in_out>out</in_out>
			<position>
				<x>55</x>
				<y>40</y>
			</position>
		</XmlPort>
		<XmlAttribute>
			<name>IDUNITID</name>
			<description>UNITID</description>
			<value>unitid</value>
		</XmlAttribute>
		<XmlAttribute>
			<name>ONAME</name>
			<description>NAME</description>
			<value></value>
		</XmlAttribute>
		<XmlAttribute>
			<name>ODESCRIPTION</name>
			<description>DESCRIPTION</description>
			<value></value>
		</XmlAttribute>
		<XmlAttribute>
			<name>OORGANIZATIONID</name>
			<description>ORGANIZATIONID</description>
			<value></value>
		</XmlAttribute>
		<XmlAttribute>
			<name>OORG_NAME</name>
			<description>ORG_NAME</description>
			<value></value>
		</XmlAttribute>
		<XmlAttribute>
			<name>OMANAGER_USERNAME</name>
			<description>MANAGER_USERNAME</description>
			<value></value>
		</XmlAttribute>
		<image>getorganicalunitparent.png</image>
		<className>pt.iknow.floweditor.blocks.AlteraAtributosGetLDAPInfo</className>
		<description>Get Organic Unit Parent</description>
		<i18n>library.profiles.get_org_unit_up</i18n>
	</XmlBlock>
	<XmlBlock>
		<class>BlockCheckAuthentication</class>
		<XmlPort>
			<name>portIn</name>
			<description>portIn</description>
			<in_out>in</in_out>
			<position>
				<x>-5</x>
				<y>25</y>
			</position>
		</XmlPort>
		<XmlPort>
			<name>portTrue</name>
			<description>portOut</description>
			<in_out>out</in_out>
			<position>
				<x>55</x>
				<y>10</y>
			</position>
		</XmlPort>
		<XmlPort>
			<name>portFalse</name>
			<description>portError</description>
			<in_out>out</in_out>
			<position>
				<x>55</x>
				<y>40</y>
			</position>
		</XmlPort>
		<XmlAttribute>
			<name>LoginVar</name>
			<description>LoginVar</description>
			<value></value>
		</XmlAttribute>
		<XmlAttribute>
			<name>PasswordVar</name>
			<description>PasswordVar</description>
			<value></value>
		</XmlAttribute>
		<image>checkauthentication.png</image>
		<description>Check Authentication</description>
		<i18n>library.profiles.check_auth</i18n>
	</XmlBlock>



	<XmlBlock>
		<class>BlockGetUsersInProfile</class>
		<XmlPort>
			<name>portIn</name>
			<description>Input</description>
			<in_out>in</in_out>
			<position>
				<x>-5</x>
				<y>25</y>
			</position>
		</XmlPort>
		<XmlPort>
			<name>portSuccess</name>
			<description>Success</description>
			<in_out>out</in_out>
			<position>
				<x>55</x>
				<y>10</y>
			</position>
		</XmlPort>
		<XmlPort>
			<name>portEmpty</name>
			<description>Empty</description>
			<in_out>out</in_out>
			<position>
				<x>55</x>
				<y>25</y>
			</position>
		</XmlPort>
		<XmlPort>
			<name>portError</name>
			<description>Error</description>
			<in_out>out</in_out>
			<position>
				<x>55</x>
				<y>40</y>
			</position>
		</XmlPort>
		<XmlAttribute>
			<name>USERNAME</name>
			<description>USERNAME</description>
			<value></value>
		</XmlAttribute>
		<XmlAttribute>
			<name>EMPLOYEE_NUMBER</name>
			<description>EMPLOYEE_NUMBER</description>
			<value></value>
		</XmlAttribute>
		<XmlAttribute>
			<name>EMAIL_ADDRESS</name>
			<description>EMAIL_ADDRESS</description>
			<value></value>
		</XmlAttribute>
		<XmlAttribute>
			<name>GENDER</name>
			<description>GENDER</description>
			<value></value>
		</XmlAttribute>
		<XmlAttribute>
			<name>FULL_NAME</name>
			<description>FULL_NAME</description>
			<value></value>
		</XmlAttribute>
		<XmlAttribute>
			<name>FIRST_NAME</name>
			<description>FIRST_NAME</description>
			<value></value>
		</XmlAttribute>
		<XmlAttribute>
			<name>LAST_NAME</name>
			<description>LAST_NAME</description>
			<value></value>
		</XmlAttribute>
		<XmlAttribute>
			<name>PHONE_NUMBER</name>
			<description>PHONE_NUMBER</description>
			<value></value>
		</XmlAttribute>
		<XmlAttribute>
			<name>FAX_NUMBER</name>
			<description>FAX_NUMBER</description>
			<value></value>
		</XmlAttribute>
		<XmlAttribute>
			<name>MOBILE_NUMBER</name>
			<description>MOBILE_NUMBER</description>
			<value></value>
		</XmlAttribute>
		<XmlAttribute>
			<name>COMPANY_PHONE</name>
			<description>COMPANY_PHONE</description>
			<value></value>
		</XmlAttribute>
		<XmlAttribute>
			<name>UNITID</name>
			<description>UNITID</description>
			<value></value>
		</XmlAttribute>
		<XmlAttribute>
			<name>UNITNAME</name>
			<description>UNITNAME</description>
			<value></value>
		</XmlAttribute>
		<XmlAttribute>
			<name>ORG_ID</name>
			<description>ORG_ID</description>
			<value></value>
		</XmlAttribute>
		<XmlAttribute>
			<name>ORGNAME</name>
			<description>ORGNAME</description>
			<value></value>
		</XmlAttribute>
		<image>getuserinfo.png</image>
		<className>pt.iknow.floweditor.blocks.AlteraAtributosGetUsersInProfile</className>
		<description>Get Users In Profile</description>
		<i18n>library.profiles.get_users_in_profile</i18n>
	</XmlBlock>

	<XmlBlock>
		<class>BlockGetUserProfiles</class>
		<XmlPort>
			<name>portIn</name>
			<description>Entrada</description>
			<in_out>in</in_out>
			<position>
				<x>-5</x>
				<y>25</y>
			</position>
		</XmlPort>
		<XmlPort>
			<name>portSuccess</name>
			<description>Sucesso</description>
			<in_out>out</in_out>
			<position>
				<x>55</x>
				<y>10</y>
			</position>
		</XmlPort>
		<XmlPort>
			<name>portEmpty</name>
			<description>Vazio</description>
			<in_out>out</in_out>
			<position>
				<x>55</x>
				<y>25</y>
			</position>
		</XmlPort>
		<XmlPort>
			<name>portError</name>
			<description>Erro</description>
			<in_out>out</in_out>
			<position>
				<x>55</x>
				<y>40</y>
			</position>
		</XmlPort>
		<XmlAttribute>
			<name>USERID</name>
			<description>User Id (input)</description>
			<value></value>
		</XmlAttribute>
		<XmlAttribute>
			<name>PROFILES</name>
			<description>User profiles (array output)</description>
			<value></value>
		</XmlAttribute>
		<image>getuserinfo.png</image>
		<description>Get User Profiles</description>
		<i18n>library.profiles.get_user_profiles</i18n>
	</XmlBlock>
    <XmlBlock>
  	<class>BlockDelegationOwner</class>
  	<XmlPort>
      <name>portIn</name>
      <description>Entrada</description>
      <in_out>in</in_out>
      <position>
        <x>-5</x>
        <y>25</y>
      </position>
    </XmlPort>
    <XmlPort>
      <name>portSuccess</name>
      <description>Success</description>
      <in_out>out</in_out>
      <position>
        <x>55</x>
        <y>10</y>
      </position>
    </XmlPort>
    <XmlPort>
      <name>portEmpty</name>
      <description>Empty</description>
      <in_out>out</in_out>
      <position>
        <x>55</x>
        <y>25</y>
      </position>
    </XmlPort>
    <XmlPort>
      <name>portError</name>
      <description>Error</description>
      <in_out>out</in_out>
      <position>
        <x>55</x>
        <y>40</y>
      </position>
    </XmlPort>
    <XmlAttribute>
      <name>substitute</name>
      <description>Substitute</description>
      <value>userid</value>
    </XmlAttribute>      
    <XmlAttribute>
      <name>taskOwner</name>
      <description>Task Owner</description>
      <value></value>
    </XmlAttribute>
    <image>getuserinfo.png</image>
    <description>Delegation Owner</description>
	<i18n>library.profiles.delegate_owner</i18n>
  </XmlBlock>
  <XmlBlock>
  	<class>BlockDelegationSubstitute</class>
  	<XmlPort>
      <name>portIn</name>
      <description>Entrada</description>
      <in_out>in</in_out>
      <position>
        <x>-5</x>
        <y>25</y>
      </position>
    </XmlPort>
    <XmlPort>
      <name>portSuccess</name>
      <description>Sucesso</description>
      <in_out>out</in_out>
      <position>
        <x>55</x>
        <y>10</y>
      </position>
    </XmlPort>
    <XmlPort>
      <name>portEmpty</name>
      <description>Vazio</description>
      <in_out>out</in_out>
      <position>
        <x>55</x>
        <y>25</y>
      </position>
    </XmlPort>
    <XmlPort>
      <name>portError</name>
      <description>Erro</description>
      <in_out>out</in_out>
      <position>
        <x>55</x>
        <y>40</y>
      </position>
    </XmlPort>
    <XmlAttribute>
      <name>taskOwner</name>
      <description>Task Owner</description>
      <value>userid</value>
    </XmlAttribute>      
    <XmlAttribute>
      <name>substitute</name>
      <description>Substituto</description>
      <value></value>
    </XmlAttribute>
    <image>getuserinfo.png</image>
    <description>Delegation Substitute</description>
	<i18n>library.profiles.delegate_substitute</i18n>
  </XmlBlock>  
</XmlLibrary>
