<?xml version="1.0" encoding="UTF-8"?>
<XmlLibrary xmlns:xsi="http://www.w3.org/2001/XMLSchema-instance" xsi:noNamespaceSchemaLocation="library.xsd">
    <name>Utils</name>
    <version>1.0</version>
    <author>iKnow</author>
    <description>Utility Library</description>
    <i18nName>library.utils.name</i18nName>
    <i18nDescription>library.utils.description</i18nDescription>
    <XmlBlock>
        <class>BlockBeanShell</class>
        <XmlPort>
            <name>portIn</name>
            <description>portIn</description>
            <in_out>in</in_out>
            <position>
                <x>-5</x>
                <y>25</y>
            </position>
        </XmlPort>
        <XmlPort>
            <name>portOut</name>
            <description>portOut</description>
            <in_out>out</in_out>
            <position>
                <x>55</x>
                <y>10</y>
            </position>
        </XmlPort>
        <XmlPort>
            <name>portError</name>
            <description>Erro</description>
            <in_out>out</in_out>
            <position>
                <x>55</x>
                <y>40</y>
            </position>
        </XmlPort>
        <className>pt.iknow.floweditor.blocks.AlteraAtributosBeanShell</className>
        <image>beanshell.png</image>
        <description>BeanShell</description>
        <i18n>library.utils.block.bsh</i18n>
    </XmlBlock>
    <XmlBlock>
        <class>BlockBifurcacao</class>
        <XmlPort>
            <name>portIn</name>
            <description>portIn</description>
            <in_out>in</in_out>
            <position>
                <x>-5</x>
                <y>25</y>
            </position>
        </XmlPort>
        <XmlPort>
            <name>portOut</name>
            <description>portOut</description>
            <in_out>out</in_out>
            <position>
                <x>55</x>
                <y>10</y>
            </position>
        </XmlPort>
        <XmlPort>
            <name>portSubProc</name>
            <description>portSubProc</description>
            <in_out>out</in_out>
            <position>
                <x>55</x>
                <y>25</y>
            </position>
        </XmlPort>
        <XmlPort>
            <name>portError</name>
            <description>portError</description>
            <in_out>out</in_out>
            <position>
                <x>55</x>
                <y>40</y>
            </position>
        </XmlPort>
        <image>bifurcacao.png</image>
        <description>Fork</description>
        <i18n>library.utils.block.fork</i18n>
    </XmlBlock>
    <XmlBlock>
        <class>BlockSincronizacao</class>
        <XmlPort>
            <name>portIn</name>
            <description>portIn</description>
            <in_out>in</in_out>
            <position>
                <x>-5</x>
                <y>10</y>
            </position>
        </XmlPort>
        <XmlPort>
            <name>portInSubProc</name>
            <description>portInSubProc</description>
            <in_out>in</in_out>
            <position>
                <x>-5</x>
                <y>40</y>
            </position>
        </XmlPort>
        <XmlPort>
            <name>portOut</name>
            <description>portOut</description>
            <in_out>out</in_out>
            <position>
                <x>55</x>
                <y>25</y>
            </position>
        </XmlPort>
        <className>pt.iknow.floweditor.blocks.AlteraAtributosSincronizacao</className>
        <image>sincronizacao.png</image>
        <description>Join</description>
        <i18n>library.utils.block.sync</i18n>
    </XmlBlock>
    <XmlBlock>
        <class>BlockJuncaoExclusiva</class>
        <XmlPort>
            <name>portIn</name>
            <description>portIn</description>
            <in_out>in</in_out>
            <position>
                <x>-5</x>
                <y>10</y>
            </position>
        </XmlPort>
        <XmlPort>
            <name>portInSubProc</name>
            <description>portInSubProc</description>
            <in_out>in</in_out>
            <position>
                <x>-5</x>
                <y>40</y>
            </position>
        </XmlPort>
        <XmlPort>
            <name>portOut</name>
            <description>portOut</description>
            <in_out>out</in_out>
            <position>
                <x>55</x>
                <y>25</y>
            </position>
        </XmlPort>
        <image>juncaoexclusiva.png</image>
        <description>Merge</description>
        <i18n>library.utils.block.merge</i18n>
    </XmlBlock>
    <XmlBlock>
        <class>BlockSubFlow</class>
        <className>pt.iknow.floweditor.blocks.AlteraAtributosSubFlow</className>
        <XmlPort>
            <name>portIn</name>
            <description>Entrada</description>
            <in_out>in</in_out>
            <position>
                <x>-5</x>
                <y>25</y>
            </position>
        </XmlPort>
        <XmlPort>
            <name>portSuccess</name>
            <description>Sucesso</description>
            <in_out>out</in_out>
            <position>
                <x>55</x>
                <y>10</y>
            </position>
        </XmlPort>
        <XmlPort>
            <name>portError</name>
            <description>Erro</description>
            <in_out>out</in_out>
            <position>
                <x>55</x>
                <y>40</y>
            </position>
        </XmlPort>
        <image>subflow.png</image>
        <description>Subflow</description>
        <i18n>library.utils.block.subflow</i18n>
    </XmlBlock>
    <XmlBlock>
        <class>BlockDate</class>
        <XmlPort>
            <name>portIn</name>
            <description>portIn</description>
            <in_out>in</in_out>
            <position>
                <x>-5</x>
                <y>25</y>
            </position>
        </XmlPort>
        <XmlPort>
            <name>portOut</name>
            <description>portOut</description>
            <in_out>out</in_out>
            <position>
                <x>55</x>
                <y>25</y>
            </position>
        </XmlPort>
        <XmlAttribute>
            <name>data</name>
            <description>Input Date</description>
            <value>data</value>
        </XmlAttribute>
        <XmlAttribute>
            <name>dia</name>
            <description>Day</description>
            <value>dia</value>
        </XmlAttribute>
        <XmlAttribute>
            <name>mes</name>
            <description>Month</description>
            <value>mes</value>
        </XmlAttribute>
        <XmlAttribute>
            <name>nome_mes</name>
            <description>Month Name</description>
            <value>mes_str</value>
        </XmlAttribute>
        <XmlAttribute>
            <name>ano</name>
            <description>Year</description>
            <value>ano</value>
        </XmlAttribute>
        <XmlAttribute>
            <name>semana</name>
            <description>Week in Month</description>
            <value>semana</value>
        </XmlAttribute>
        <XmlAttribute>
            <name>inicio_semana</name>
            <description>First Week Day</description>
            <value>inicio_semana</value>
        </XmlAttribute>
        <XmlAttribute>
            <name>fim_semana</name>
            <description>Last Week Day</description>
            <value>fim_semana</value>
        </XmlAttribute>
        <image>excel.png</image>
        <description>Date</description>
        <i18n>library.utils.block.date</i18n>
    </XmlBlock>
    <XmlBlock>
        <class>BlockDateOperation</class>
        <XmlPort>
            <name>portIn</name>
            <description>portIn</description>
            <in_out>in</in_out>
            <position>
                <x>-5</x>
                <y>25</y>
            </position>
        </XmlPort>
        <XmlPort>
            <name>portSuccess</name>
            <description>Success</description>
            <in_out>out</in_out>
            <position>
                <x>55</x>
                <y>10</y>
            </position>
        </XmlPort>
        <XmlPort>
            <name>portError</name>
            <description>Error</description>
            <in_out>out</in_out>
            <position>
                <x>55</x>
                <y>40</y>
            </position>
        </XmlPort>
        <XmlAttribute>
            <name>inputVar</name>
            <description>Input Variable</description>
        </XmlAttribute>
        <XmlAttribute>
            <name>outputVar</name>
            <description>Output Variable</description>
        </XmlAttribute>
        <XmlAttribute>
            <name>operation</name>
            <description>Operation</description>
        </XmlAttribute>
        <XmlAttribute>
            <name>type</name>
            <description>Type</description>
        </XmlAttribute>
        <XmlAttribute>
            <name>value</name>
            <description>Value</description>
        </XmlAttribute>
        <image>excel.png</image>
        <className>pt.iknow.floweditor.blocks.AlteraAtributosDateOperation</className>
        <description>Date Operation</description>
        <i18n>library.utils.block.date_op</i18n>
    </XmlBlock>
    <XmlBlock>
        <class>BlockDataImport</class>
        <XmlPort>
            <name>portIn</name>
            <description>Input</description>
            <in_out>in</in_out>
            <position>
                <x>-5</x>
                <y>25</y>
            </position>
        </XmlPort>
        <XmlPort>
            <name>portSuccess</name>
            <description>Success</description>
            <in_out>out</in_out>
            <position>
                <x>55</x>
                <y>10</y>
            </position>
        </XmlPort>
        <XmlPort>
            <name>portError</name>
            <description>Error</description>
            <in_out>out</in_out>
            <position>
                <x>55</x>
                <y>40</y>
            </position>
        </XmlPort>
        <image>spreadsheet.png</image>
        <className>pt.iknow.floweditor.blocks.AlteraAtributosDataImport</className>
        <description>Data Import</description>
        <i18n>library.utils.block.data_import</i18n>
    </XmlBlock>
    <XmlBlock>
        <class>BlockSeries</class>
        <XmlPort>
            <name>portIn</name>
            <description>Input</description>
            <in_out>in</in_out>
            <position>
                <x>-5</x>
                <y>25</y>
            </position>
        </XmlPort>
        <XmlPort>
            <name>portSuccess</name>
            <description>Success</description>
            <in_out>out</in_out>
            <position>
                <x>55</x>
                <y>10</y>
            </position>
        </XmlPort>
        <XmlPort>
            <name>portError</name>
            <description>Error</description>
            <in_out>out</in_out>
            <position>
                <x>55</x>
                <y>40</y>
            </position>
        </XmlPort>
        <XmlAttribute>
            <name>Series</name>
            <description>Series name</description>
            <value />
        </XmlAttribute>
        <XmlAttribute>
            <name>ExtraPrefix</name>
            <description>Extra Prefix</description>
            <value />
        </XmlAttribute>
        <XmlAttribute>
            <name>ExtraSuffix</name>
            <description>Extra Suffix</description>
            <value />
        </XmlAttribute>
        <XmlAttribute>
            <name>OutputVariable</name>
            <description>Ouput/destination variable</description>
            <value />
        </XmlAttribute>
        <image>series.png</image>
        <description>Series</description>
        <i18n>library.utils.block.series</i18n>
    </XmlBlock>
    <XmlBlock>
        <class>BlockCriarDocumento</class>
        <XmlPort>
            <name>portIn</name>
            <description>portIn</description>
            <in_out>in</in_out>
            <position>
                <x>-5</x>
                <y>25</y>
            </position>
        </XmlPort>
        <XmlPort>
            <name>portOutOk</name>
            <description>portOutOk</description>
            <in_out>out</in_out>
            <position>
                <x>55</x>
                <y>10</y>
            </position>
        </XmlPort>
        <XmlPort>
            <name>portOutError</name>
            <description>portOutError</description>
            <in_out>out</in_out>
            <position>
                <x>55</x>
                <y>40</y>
            </position>
        </XmlPort>
        <XmlAttribute>
            <name>template</name>
            <description>Template</description>
            <value />
        </XmlAttribute>
        <XmlAttribute>
            <name>variable</name>
            <description>Variable</description>
            <value />
        </XmlAttribute>
        <XmlAttribute>
            <name>filename</name>
            <description>File Name</description>
            <value />
        </XmlAttribute>
        <image>pdf.png</image>
        <className>pt.iknow.floweditor.blocks.AlteraAtributosCriarDocumento</className>
        <description>Create Document</description>
        <i18n>library.utils.block.gen_doc</i18n>
    </XmlBlock>
    <XmlBlock>
        <class>BlockCriarXls</class>
        <XmlPort>
            <name>portIn</name>
            <description>portIn</description>
            <in_out>in</in_out>
            <position>
                <x>-5</x>
                <y>25</y>
            </position>
        </XmlPort>
        <XmlPort>
            <name>portOutOk</name>
            <description>portOutOk</description>
            <in_out>out</in_out>
            <position>
                <x>55</x>
                <y>10</y>
            </position>
        </XmlPort>
        <XmlPort>
            <name>portOutError</name>
            <description>portOutError</description>
            <in_out>out</in_out>
            <position>
                <x>55</x>
                <y>40</y>
            </position>
        </XmlPort>
        <XmlAttribute>
            <name>filename</name>
            <description>File Name</description>
            <value />
        </XmlAttribute>
        <XmlAttribute>
            <name>variable</name>
            <description>Variable</description>
            <value />
        </XmlAttribute>
        <XmlAttribute>
            <name>columnNames</name>
            <description>Column Names</description>
            <value />
        </XmlAttribute>
        <XmlAttribute>
            <name>columnValues</name>
            <description>Column Values</description>
            <value />
        </XmlAttribute>
        <image>xls.png</image>
        <className>pt.iknow.floweditor.blocks.AlteraAtributosCriarDocumento</className>
        <description>Create Excel Document</description>
        <i18n>library.utils.block.gen_xls</i18n>
    </XmlBlock>
    <XmlBlock>
        <class>BlockFormTemplate</class>
        <className>pt.iknow.floweditor.blocks.AlteraAtributosFormTemplate</className>
        <image>formtemplate.png</image>
        <description>FormTemplate</description>
    </XmlBlock>
    <XmlBlock>
        <class>BlockPutFileInDisk</class>
        <XmlPort>
            <name>portIn</name>
            <description>Entrada</description>
            <in_out>in</in_out>
            <position>
                <x>-5</x>
                <y>25</y>
            </position>
        </XmlPort>
        <XmlPort>
            <name>portSuccess</name>
            <description>Sucesso</description>
            <in_out>out</in_out>
            <position>
                <x>55</x>
                <y>10</y>
            </position>
        </XmlPort>
        <XmlPort>
            <name>portError</name>
            <description>Erro</description>
            <in_out>out</in_out>
            <position>
                <x>55</x>
                <y>40</y>
            </position>
        </XmlPort>
        <XmlAttribute>
            <name>Document</name>
            <description>Document holder</description>
            <value />
        </XmlAttribute>
        <XmlAttribute>
            <name>Path</name>
            <description>Path to file(s) folder</description>
            <value />
        </XmlAttribute>
        <image></image>
        <description>Write File(s) to disk</description>
        <i18n>library.dms.block.put_file_in_disk</i18n>
    </XmlBlock>
    <XmlBlock>
        <class>BlockGetFileInDisk</class>
        <XmlPort>
            <name>portIn</name>
            <description>Entrada</description>
            <in_out>in</in_out>
            <position>
                <x>-5</x>
                <y>25</y>
            </position>
        </XmlPort>
        <XmlPort>
            <name>portSuccess</name>
            <description>Sucesso</description>
            <in_out>out</in_out>
            <position>
                <x>55</x>
                <y>10</y>
            </position>
        </XmlPort>
        <XmlPort>
            <name>portError</name>
            <description>Erro</description>
            <in_out>out</in_out>
            <position>
                <x>55</x>
                <y>40</y>
            </position>
        </XmlPort>
        <XmlAttribute>
            <name>Document</name>
            <description>Document holder</description>
            <value />
        </XmlAttribute>
        <XmlAttribute>
            <name>Path</name>
            <description>Path to file(s) folder</description>
            <value />
        </XmlAttribute>
        <image></image>
        <description>Read File(s) to disk</description>
        <i18n>library.dms.block.get_file_in_disk</i18n>
    </XmlBlock>
    <XmlBlock>
        <class>BlockParseTxtFile</class>
        <XmlPort>
            <name>portIn</name>
            <description>Entrada</description>
            <in_out>in</in_out>
            <position>
                <x>-5</x>
                <y>25</y>
            </position>
        </XmlPort>
        <XmlPort>
            <name>portSuccess</name>
            <description>Sucesso</description>
            <in_out>out</in_out>
            <position>
                <x>55</x>
                <y>10</y>
            </position>
        </XmlPort>
        <XmlPort>
            <name>portError</name>
            <description>Erro</description>
            <in_out>out</in_out>
            <position>
                <x>55</x>
                <y>40</y>
            </position>
        </XmlPort>
        <XmlAttribute>
            <name>Document</name>
            <description>Document holder</description>
            <value />
        </XmlAttribute>
        <XmlAttribute>
            <name>Variables</name>
            <description>Variables</description>
            <value />
        </XmlAttribute>
        <XmlAttribute>
            <name>Start</name>
            <description>Start</description>
            <value />
        </XmlAttribute>
        <XmlAttribute>
            <name>End</name>
            <description>End</description>
            <value />
        </XmlAttribute>
        <XmlAttribute>
            <name>Separator</name>
            <description>Separator</description>
            <value />
        </XmlAttribute>
        <image></image>
        <description>Parse a TXT file either in CSV or space delimited</description>
        <i18n>library.dms.block.parse_txt_file</i18n>
    </XmlBlock>
</XmlLibrary>
